Comment,Designator,Footprint,LCSC Part #
4.7uF,C1,C_0402_1005Metric,C23733
10nF,C10,C_0402_1005Metric,C60133
22uF 25V,"C11,C12",C_1210_3225Metric,C52306
100nF,"C13,C14,C15,C19,C2,C20,C21,C22,C23,C25,C26,C3,C5",C_0402_1005Metric,C1525
10uF 16V,"C16,C4",C_0805_2012Metric,C1713
10uF 25V,"C6,C7",C_1206_3216Metric,C77090
100nF 25V,"C8,C9",C_0402_1005Metric,C105883
BZT52C5V1S,D1,D_SOD-323,C151348
SMD1812P300TF/16 3A PTC,F1,Fuse_1812_4532Metric,C702820
JMEDIA 2x30 1.27 SMD male (GPEC212-3002A011C1AF equiv.),J1,UNOQ_JMEDIA_2x30_P1.27_Male,C191721
SM02B-SRSS-TB left foot contact,J10,JST_SH_SM02B-SRSS-TB_1x02-1MP_P1.00mm_Horizontal,C160402
SM02B-SRSS-TB right foot contact,J11,JST_SH_SM02B-SRSS-TB_1x02-1MP_P1.00mm_Horizontal,C160402
BM04B-SRSS-TB trunk IMU I2C,J12,JST_SH_BM04B-SRSS-TB_1x04-1MP_P1.00mm_Vertical,C160390
JMISC 2x30 1.27 SMD male (GPEC212-3002A011C1AF equiv.),J2,UNOQ_JMEDIA_2x30_P1.27_Male,C191721
TF31-22S-0.5SH 22p 0.5 FFC (IMX219),J3,FFC_22P_P0.5_TF31-22S,C3169786
BM06B-SRSS-TB ToF,J4,JST_SH_BM06B-SRSS-TB_1x06-1MP_P1.00mm_Vertical,C160392
S3B-PH-SM4-TB servo bus,J5,JST_PH_S3B-PH-SM4-TB_1x03-1MP_P2.00mm_Horizontal,C265101
S4B-PH-SM4-TB 2S pack in,J6,JST_PH_S4B-PH-SM4-TB_1x04-1MP_P2.00mm_Horizontal,C265102
S2B-PH-SM4-TB speaker,J7,JST_PH_S2B-PH-SM4-TB_1x02-1MP_P2.00mm_Horizontal,C295747
SM02B-SRSS-TB electret mic,J8,JST_SH_SM02B-SRSS-TB_1x02-1MP_P1.00mm_Horizontal,C160402
SM02B-SRSS-TB touch pad,J9,JST_SH_SM02B-SRSS-TB_1x02-1MP_P1.00mm_Horizontal,C160402
FNR6045S6R8MT 6.8uH 3.3A,L1,FNR6045_6.0x6.0mm,C168072
MMBT3906,Q1,SOT-23,C727128
AON6407 reverse-polarity P-FET,Q2,PowerPAK_SO-8_Single,C13899
10k,"R1,R15,R16,R17,R18,R2,R25,R26,R29,R7,R8",R_0402_1005Metric,C25744
100k,"R11,R13,R9",R_0402_1005Metric,C25741
523k,R12,R_0402_1005Metric,C27011
2.2k,R14,R_0402_1005Metric,C25879
20k,R19,R_0402_1005Metric,C25765
33R,R20,R_0402_1005Metric,C138002
1k,"R21,R24",R_0402_1005Metric,C106235
5mR 2W shunt,R22,R_2512_6332Metric,C185817
4.7k,"R27,R28",R_0402_1005Metric,C25900
0R,"R3,R4",R_0402_1005Metric,C17168
TCA9406DCUR,U1,VSSOP-8_2.3x2mm_P0.5mm,C840107
TCA9555PWR,U2,TSSOP-24_4.4x7.8mm_P0.65mm,C465732
TPS62933DRLR,U3,SOT-583-8,C3200405
PAM8302AASCR,U4,MSOP-8_3x3mm_P0.65mm,C113367
SN74LVC1G126DBVR,U5,SOT-23-5,C7834
SN74LVC1G125DBVR,U6,SOT-23-5,C23654
LSM6DSV16X,U7,LGA-14_3x2.5mm_P0.5mm_LayoutBorder3x4y,C5267406
INA226AIDGSR,U8,TSSOP-10_3x3mm_P0.5mm,C49851
TTP233H-BA6,U9,SOT-23-6,C2890349
