Designator,Mid X,Mid Y,Layer,Rotation
C1,28.600000mm,-38.940000mm,Bottom,0.000000
C2,28.600000mm,-40.940000mm,Bottom,0.000000
C3,35.400000mm,-39.340000mm,Bottom,0.000000
C4,28.600000mm,-43.740000mm,Bottom,0.000000
C5,40.500000mm,-32.040000mm,Bottom,0.000000
C6,57.500000mm,-20.340000mm,Bottom,0.000000
C7,57.500000mm,-24.340000mm,Bottom,-90.000000
C8,55.600000mm,-24.340000mm,Bottom,-90.000000
C9,50.600000mm,-27.740000mm,Bottom,0.000000
C10,50.400000mm,-21.540000mm,Bottom,0.000000
C11,38.600000mm,-23.740000mm,Bottom,-90.000000
C12,38.600000mm,-28.740000mm,Bottom,-90.000000
C13,61.000000mm,-28.740000mm,Bottom,0.000000
C14,54.400000mm,-31.340000mm,Bottom,0.000000
C15,54.400000mm,-32.740000mm,Bottom,0.000000
C16,64.000000mm,-32.340000mm,Bottom,-90.000000
C19,45.000000mm,-43.540000mm,Bottom,0.000000
C20,52.400000mm,-38.340000mm,Bottom,-90.000000
C21,52.400000mm,-42.840000mm,Bottom,-90.000000
C22,23.000000mm,-23.340000mm,Bottom,0.000000
C23,29.000000mm,-23.340000mm,Bottom,0.000000
C25,60.000000mm,-45.340000mm,Bottom,0.000000
C26,39.900000mm,-12.540000mm,Bottom,0.000000
C30,19.400000mm,-6.140000mm,Bottom,90.000000
C31,22.700000mm,-6.140000mm,Bottom,-90.000000
C32,15.100000mm,-16.340000mm,Bottom,-90.000000
C33,12.800000mm,-8.240000mm,Bottom,0.000000
C34,16.800000mm,-17.340000mm,Bottom,0.000000
C35,13.000000mm,-16.740000mm,Bottom,0.000000
C36,9.550000mm,-4.940000mm,Bottom,90.000000
C37,7.000000mm,-10.740000mm,Bottom,180.000000
C38,7.000000mm,-14.040000mm,Bottom,180.000000
C39,7.000000mm,-17.340000mm,Bottom,180.000000
D1,55.522500mm,-34.340000mm,Bottom,0.000000
D40,50.500000mm,-32.340000mm,Bottom,0.000000
F1,53.000000mm,-14.840000mm,Bottom,-90.000000
F2,26.300000mm,-18.040000mm,Bottom,180.000000
J3,17.690090mm,-48.569600mm,Bottom,180.000000
J4,34.500000mm,-49.940000mm,Bottom,0.000000
J5,30.000000mm,-5.740000mm,Bottom,0.000000
J6,44.000000mm,-5.740000mm,Bottom,0.000000
J7,58.000000mm,-5.740000mm,Bottom,0.000000
J8,45.000000mm,-49.540000mm,Bottom,180.000000
J9,52.000000mm,-49.740000mm,Bottom,180.000000
J10,5.000000mm,-43.340000mm,Bottom,-90.000000
J11,5.000000mm,-36.340000mm,Bottom,-90.000000
J12,6.000000mm,-23.340000mm,Bottom,-90.000000
L1,45.000000mm,-25.840000mm,Bottom,180.000000
L2,19.800000mm,-12.340000mm,Bottom,180.000000
Q1,55.000000mm,-38.340000mm,Bottom,0.000000
Q2,44.695000mm,-16.840000mm,Bottom,0.000000
R1,28.600000mm,-37.740000mm,Bottom,0.000000
R2,34.800000mm,-35.340000mm,Bottom,0.000000
R3,32.000000mm,-44.740000mm,Bottom,0.000000
R4,32.000000mm,-45.940000mm,Bottom,0.000000
R7,39.000000mm,-44.740000mm,Bottom,0.000000
R8,39.000000mm,-45.940000mm,Bottom,0.000000
R9,54.400000mm,-29.940000mm,Bottom,0.000000
R11,49.500000mm,-18.340000mm,Bottom,0.000000
R12,50.400000mm,-22.740000mm,Bottom,0.000000
R13,50.400000mm,-23.940000mm,Bottom,0.000000
R14,45.000000mm,-44.740000mm,Bottom,0.000000
R15,46.400000mm,-36.940000mm,Bottom,0.000000
R16,46.400000mm,-39.740000mm,Bottom,0.000000
R17,46.400000mm,-41.940000mm,Bottom,0.000000
R18,59.000000mm,-36.940000mm,Bottom,0.000000
R19,59.000000mm,-39.740000mm,Bottom,0.000000
R20,52.000000mm,-34.340000mm,Bottom,0.000000
R21,46.400000mm,-34.740000mm,Bottom,0.000000
R22,36.000000mm,-17.640000mm,Bottom,0.000000
R24,56.300000mm,-48.840000mm,Bottom,0.000000
R25,42.800000mm,-32.340000mm,Bottom,0.000000
R26,45.000000mm,-32.340000mm,Bottom,0.000000
R27,23.000000mm,-22.040000mm,Bottom,0.000000
R28,23.000000mm,-20.940000mm,Bottom,0.000000
R29,30.500000mm,-14.340000mm,Bottom,0.000000
R30,15.800000mm,-8.140000mm,Bottom,0.000000
R31,10.500000mm,-8.540000mm,Bottom,90.000000
R32,8.100000mm,-8.240000mm,Bottom,0.000000
R33,8.100000mm,-7.040000mm,Bottom,0.000000
R34,9.550000mm,-6.840000mm,Bottom,90.000000
R35,16.300000mm,-6.790000mm,Bottom,0.000000
R36,13.400000mm,-6.790000mm,Bottom,0.000000
U1,32.000000mm,-39.422500mm,Bottom,0.000000
U2,40.500000mm,-37.152500mm,Bottom,-90.000000
U3,53.000000mm,-24.252500mm,Bottom,180.000000
U4,59.500000mm,-31.367500mm,Bottom,0.000000
U5,49.500000mm,-38.427500mm,Bottom,0.000000
U6,49.500000mm,-42.927500mm,Bottom,0.000000
U7,26.177500mm,-23.340000mm,Bottom,0.000000
U8,35.500000mm,-13.352500mm,Bottom,0.000000
U9,60.000000mm,-48.927500mm,Bottom,0.000000
U10,12.500000mm,-12.327500mm,Bottom,180.000000
J1,11.684100mm,-26.669600mm,Top,-90.000000
J2,58.547100mm,-26.669600mm,Top,-90.000000
